conference name,conference dates,venue,event type,attendance,target audience,conference link,accepts applications,deadline,application link
Annual July Future Business Leaders Convention,2026-06-29 - 2026-07-02,Henry B Gonzalez Convention Center,,14000,,https://www.fbla.org/events/category/type/2026-07/,no,,
2026 Texas Restaurant Show,2026-07-12 - 2026-07-13,Henry B Gonzalez Convention Center,Public Show,3000,restaurant and foodservice industry professionals,https://www.txrestaurantshow.com/,no,,
2026 Tea Title Iii Symposium,2026-07-13 - 2026-07-14,Henry B Gonzalez Convention Center,,,,https://www.txel.org/events,no,,
Annual Convention,2026-07-16 - 2026-07-18,Henry B Gonzalez Convention Center,Public Show,11000,destination marketing and tourism professionals,https://convention.shapeamerica.org/,yes,2025-12-15,https://4s4mvrh2dth.typeform.com/to/DTWGrHdP
A.t. Expositions,2026-07-17 - 2026-07-18,Henry B Gonzalez Convention Center,,600,Learning and development professionals,https://atdconference.td.org/,no,,
Inspection And Mechanical Integrity Summit,2026-07-20 - 2026-07-23,Henry B Gonzalez Convention Center,,1400,inspection and mechanical integrity professionals,https://events.api.org/2026-inspection-and-mechanical-integrity-summit/,no,,
2026 Sunbelt Builders Show,2026-07-22 - 2026-07-24,Henry B Gonzalez Convention Center,,,"builders, remodelers, and developers",https://www.sunbeltbuildersshow.com/,no,,
Ahrmm 2026 Annual Conference And Exhibition,2026-07-26 - 2026-07-28,Henry B Gonzalez Convention Center,,1600,health care supply chain professionals,https://www.ahrmm.org/education-events/ahrmm26-annual-conference,yes,,https://www.supplychainstrategiessolutions-digital.com/ahrs/quarter_4_2025/MobilePagedArticle.action?articleId=2098612
Texas Ffa 2026 Convention,2026-07-06 - 2026-07-10,Fort Worth Convention Center,Convention,,"FFA members, advisors, and agricultural supporters",https://convention.texasffa.org/,yes,2026-04-15,https://convention.texasffa.org/MediaProgram
2026 Ctat Summer Conference,2026-07-10 - 2026-07-16,Fort Worth Convention Center,Convention,,,https://www.ctat.org/events/EventDetails.aspx?id=2042901,no,,
Sheriffs Association Of Texas 2026 Convention,2026-07-17 - 2026-07-22,Fort Worth Convention Center,Concert,,law enforcement and public safety professionals,https://www.txsheriffs.org/upages.php?id=243,no,,
Kenneth Copeland Ministries 2026 Southwest Believers' Convention,2026-07-27 - 2026-08-01,Fort Worth Convention Center,Convention,,Christian believers,https://www.southwestbelieversconvention.com/,no,,